,index,Intervention,Shift mean,Shift HDI,Shift HDI significance,Shifted model WAIC,Non-shifted model WAIC,Shifted mdodel better?
0,14,Fungal_Infection,2.5232479572296143,"[0.86025757, 4.3656406]",True,141.07318303248567,150.0611001415052,True
1,12,Eye_Infection,2.613722085952759,"[0.12513217, 4.7196045]",True,212.6724388929512,220.56490877319723,True
2,0,ADHD,8.354613304138184,"[0.8755515, 17.19573]",True,174.044605406262,177.76598183589834,True
