,index,Intervention,Shift mean,Shift HDI,Shift HDI significance,Shifted model WAIC,Non-shifted model WAIC,Shifted mdodel better?
0,44,Speech_Language_Disorder,3.9805314540863037,"[1.8444709, 5.90592]",True,181.66396933629218,192.04843920908485,True
1,5,Adjustment_Disorder,4.062030792236328,"[0.82260656, 6.9315577]",True,156.53613788205206,167.87231232703147,True
2,38,Non-Specific_Pain,4.08033561706543,"[1.408563, 7.514552]",True,209.90359501862073,215.11366973640213,True
3,12,Chronic_Sinusitis,5.160395622253418,"[3.0415404, 7.143796]",True,171.65975744526546,181.5806465039285,True
4,6,Allergic_Rhinitis,6.172914028167725,"[0.10910781, 10.371922]",True,279.75883637753424,278.36927708765467,False
